{"Training Loss": 0.013888281751133037, "_timestamp": 1718619059.39301, "_runtime": 9.42779278755188, "_step": 9, "_wandb": {"runtime": 9}}